{"cameraMode":{"drawMode":0,"name":"Shaded","section":"Shading Mode"},"sceneLighting":true,"audioPlay":false,"sceneViewState":{"m_AlwaysRefresh":false,"showFog":true,"showSkybox":true,"showFlares":true,"showImageEffects":true,"showParticleSystems":true,"showVisualEffectGraphs":true,"m_FxEnabled":true},"in2DMode":false,"pivot":{"x":-1.4327529668807984,"y":1.0105990171432496,"z":1.450975775718689},"rotation":{"x":-0.11543814837932587,"y":0.8738685250282288,"z":-0.2526266872882843,"w":-0.39938783645629885},"size":1.6427686214447022,"orthographic":false}